"0","#Packages untuk pengolahan dataframe"
"0","library(dplyr)"
"0","library(tidyr)"
"0","library(lubridate)"
"0",""
"0","#Packages untuk reporting"
"0","library(kableExtra)"
"0",""
"0","#Packages untuk membuat visualisasi"
"0","library(ggcorrplot)"
"0","library(gplots)"
"0","library(ggplot2)"
"0","library(plotly)"
"0","library(foreign)"
"0",""
"0","#Packages untuk melakukan analisis"
"0","library(plm)"
"0","library(lfe)"
"0","library(lmtest)"
"0","library(car)"
"0","library(tseries)"
"0","library(MLmetrics)"
